moisture,temperature
27.07844,14.1745
34.19439,16.96214
NA,NA
33.7218,14.51713
29.14531,15.29781
31.7328,15.35783
35.6969,15.67858
32.55009,11.68908
23.75299,15.82962
30.95654,14.30667
32.51975,14.19575
21.95977,14.14598
27.07844,14.1745
34.19439,16.96214
NA,NA
33.7218,14.51713
29.14531,15.29781
31.7328,15.35783
35.6969,15.67858
32.55009,11.68908
23.75299,15.82962
30.95654,14.30667
32.51975,14.19575
21.95977,14.14598