ID,x,y,
1,0.050375591,14.1745,
2,0.107418417,16.96214,
3,0.395750954,14.51713,
4,0.233382301,15.29781,
5,0.398827644,15.35783,
6,0.66325508,15.67858,
7,0.05211088,11.68908,
8,0.213275549,15.82962,
9,0.277127533,14.30667,
10,0.446761348,14.19575,
11,0.58690681,14.14598,